cmd,time,module,data1,data2,data3,data4,data5,data6
0,2024-03-20T10:00:00.000Z,BMP280,25.3,1013.25,100
0,2024-03-20T10:00:00.000Z,GY-521,0.01,0.02,0.98,0.1,0.2,0.3
0,2024-03-20T10:00:00.000Z,GPS,13.7563,100.5018,100
1,2024-03-20T10:00:00.000Z,status,Launch
0,2024-03-20T10:00:01.000Z,BMP280,25.2,1013.20,105
0,2024-03-20T10:00:01.000Z,GY-521,0.02,0.03,0.97,0.2,0.3,0.4
0,2024-03-20T10:00:01.000Z,GPS,13.7564,100.5019,105
1,2024-03-20T10:00:01.000Z,status,In Flight
0,2024-03-20T10:00:02.000Z,BMP280,25.1,1013.15,110
0,2024-03-20T10:00:02.000Z,GY-521,0.03,0.04,0.96,0.3,0.4,0.5
0,2024-03-20T10:00:02.000Z,GPS,13.7565,100.5020,110
1,2024-03-20T10:00:02.000Z,status,Ejected
0,2024-03-20T10:00:03.000Z,BMP280,25.0,1013.10,115
0,2024-03-20T10:00:03.000Z,GY-521,0.04,0.05,0.95,0.4,0.5,0.6
0,2024-03-20T10:00:03.000Z,GPS,13.7566,100.5021,115
1,2024-03-20T10:00:03.000Z,status,Landed
0,2024-03-20T10:00:04.000Z,BMP280,24.9,1013.05,120
0,2024-03-20T10:00:04.000Z,GY-521,0.05,0.06,0.94,0.5,0.6,0.7
0,2024-03-20T10:00:04.000Z,GPS,13.7567,100.5022,120 